{
  "project_info": {
    "project_number": "1097866048744",
    "firebase_url": "https://homepage-96413-default-rtdb.firebaseio.com",
    "project_id": "homepage-96413",
    "storage_bucket": "homepage-96413.appspot.com"
  },
  "client": [
    {
      "client_info": {
        "mobilesdk_app_id": "1:1097866048744:android:eec12529d1d24b9e81055d",
        "android_client_info": {
          "package_name": "com.example.assignment"
        }
      },
      "oauth_client": [
        {
          "client_id": "1097866048744-mpvf2tepijcpq7ouijn4aut6jiausuh0.apps.googleusercontent.com",
          "client_type": 1,
          "android_info": {
            "package_name": "com.example.assignment",
            "certificate_hash": "ea9d54e03723bc0eaa5aa721c6bc058dff154b80"
          }
        },
        {
          "client_id": "1097866048744-7q7gin0qpjr51ccme0vs2iti073qrb85.apps.googleusercontent.com",
          "client_type": 3
        }
      ],
      "api_key": [
        {
          "current_key": "AIzaSyB0nEWPLYHCEhsB3qmJk3JdEjnKhNuwBOo"
        }
      ],
      "services": {
        "appinvite_service": {
          "other_platform_oauth_client": [
            {
              "client_id": "1097866048744-7q7gin0qpjr51ccme0vs2iti073qrb85.apps.googleusercontent.com",
              "client_type": 3
            }
          ]
        }
      }
    },
    {
      "client_info": {
        "mobilesdk_app_id": "1:1097866048744:android:2f7beee63b29577081055d",
        "android_client_info": {
          "package_name": "com.example.chatmodule"
        }
      },
      "oauth_client": [
        {
          "client_id": "1097866048744-7q7gin0qpjr51ccme0vs2iti073qrb85.apps.googleusercontent.com",
          "client_type": 3
        }
      ],
      "api_key": [
        {
          "current_key": "AIzaSyB0nEWPLYHCEhsB3qmJk3JdEjnKhNuwBOo"
        }
      ],
      "services": {
        "appinvite_service": {
          "other_platform_oauth_client": [
            {
              "client_id": "1097866048744-7q7gin0qpjr51ccme0vs2iti073qrb85.apps.googleusercontent.com",
              "client_type": 3
            }
          ]
        }
      }
    },
    {
      "client_info": {
        "mobilesdk_app_id": "1:1097866048744:android:03804de6779046f581055d",
        "android_client_info": {
          "package_name": "com.example.homepage"
        }
      },
      "oauth_client": [
        {
          "client_id": "1097866048744-7q7gin0qpjr51ccme0vs2iti073qrb85.apps.googleusercontent.com",
          "client_type": 3
        }
      ],
      "api_key": [
        {
          "current_key": "AIzaSyB0nEWPLYHCEhsB3qmJk3JdEjnKhNuwBOo"
        }
      ],
      "services": {
        "appinvite_service": {
          "other_platform_oauth_client": [
            {
              "client_id": "1097866048744-7q7gin0qpjr51ccme0vs2iti073qrb85.apps.googleusercontent.com",
              "client_type": 3
            }
          ]
        }
      }
    }
  ],
  "configuration_version": "1"
}